{
  "provenance": "derived from ordered attack_mappings of OTRF compound + APT29-evals multi-stage scenarios (counts in `support`)",
  "n_scenarios": 10,
  "n_transitions": 60,
  "matrix": {
    "T1110": {
      "T1558": 1.0
    },
    "T1558": {
      "T1135": 1.0
    },
    "T1135": {
      "T1021": 1.0
    },
    "T1552": {
      "T1606": 1.0
    },
    "T1606": {
      "T1078": 1.0
    },
    "T1078": {
      "T1098": 1.0
    },
    "T1098": {
      "T1114": 1.0
    },
    "T1190": {
      "T1203": 1.0
    },
    "T1587": {
      "T1608": 1.0
    },
    "T1608": {
      "T1204": 1.0
    },
    "T1204": {
      "T1082": 1.0
    },
    "T1082": {
      "T1033": 1.0
    },
    "T1033": {
      "T1057": 0.2857142857142857,
      "T1105": 0.42857142857142855,
      "T1003": 0.14285714285714285,
      "T1012": 0.14285714285714285
    },
    "T1057": {
      "T1134": 0.5,
      "T1543": 0.5
    },
    "T1134": {
      "T1055": 1.0
    },
    "T1055": {
      "T1003": 1.0
    },
    "T1105": {
      "T1003": 1.0
    },
    "T1003": {
      "T1041": 1.0
    },
    "T1543": {
      "T1055": 1.0
    },
    "T1012": {
      "T1105": 1.0
    }
  },
  "support": {
    "T1110": {
      "T1558": 1
    },
    "T1558": {
      "T1135": 1
    },
    "T1135": {
      "T1021": 1
    },
    "T1552": {
      "T1606": 1
    },
    "T1606": {
      "T1078": 1
    },
    "T1078": {
      "T1098": 1
    },
    "T1098": {
      "T1114": 1
    },
    "T1190": {
      "T1203": 1
    },
    "T1587": {
      "T1608": 7
    },
    "T1608": {
      "T1204": 7
    },
    "T1204": {
      "T1082": 7
    },
    "T1082": {
      "T1033": 7
    },
    "T1033": {
      "T1057": 2,
      "T1105": 3,
      "T1003": 1,
      "T1012": 1
    },
    "T1057": {
      "T1134": 1,
      "T1543": 1
    },
    "T1134": {
      "T1055": 1
    },
    "T1055": {
      "T1003": 2
    },
    "T1105": {
      "T1003": 4
    },
    "T1003": {
      "T1041": 6
    },
    "T1543": {
      "T1055": 1
    },
    "T1012": {
      "T1105": 1
    }
  }
}